node,x_config,y_config,x_ansys_mm,y_ansys_mm,u_x_mm,u_y_mm,magnitude_mm,x_deformed_mm,y_deformed_mm
0,0.0,0.0,0.0,0.0,0.0,0.0,0.0,0.0,0.0
1,0.0,1.0,0.0,1000.0,0.0,0.0,0.0,0.0,1000.0
2,1.0,0.0,1000.0,0.0,-0.0005000000000071757,-2.000600000030131,2.000600062511386,999.9995,-2.000600000030131
3,1.0,1.0,1000.0,1000.0,0.0006000000000086825,-2.000600000030131,2.000600090003137,1000.0006,997.9993999999699
4,2.0,0.0,2000.0,0.0,-0.0010000000000143514,-4.002200000060277,4.002200124991563,1999.999,-4.002200000060277
5,2.0,1.0,2000.0,1000.0,0.0010000000000143527,-4.002200000060277,4.002200124991563,2000.001,995.9977999999397
6,3.0,0.0,3000.0,0.0,-0.0013000000000184578,-6.004600000091575,6.004600140817017,2999.9987,-6.004600000091575
7,3.0,1.0,3000.0,1000.0,0.0014000000000200228,-6.004600000091575,6.004600163299779,3000.0014,993.9953999999084
8,4.0,0.0,4000.0,0.0,-0.0016000000000225643,-8.007600000140203,8.007600159988346,3999.9984,-8.007600000140203
9,4.0,1.0,4000.0,1000.0,0.0016000000000217002,-8.007600000140203,8.007600159988346,4000.0016,991.9923999998598
10,5.0,0.0,5000.0,0.0,-0.0017000000000226914,-10.011000000171247,10.01100014451247,4999.9983,-10.011000000171247
11,5.0,1.0,5000.0,1000.0,0.0018000000000233775,-10.011000000171247,10.011000161993241,5000.0018,989.9889999998287
12,6.0,0.0,6000.0,0.0,-0.0018000000000228183,-12.014600000173841,12.014600135009792,5999.9982,-12.014600000173841
13,6.0,1.0,6000.0,1000.0,0.0018000000000233775,-12.014650000173841,12.01465013500923,6000.0018,987.9853499998262
